step,loss
1,3.2232818603515625
2,2.9660215377807617
3,2.868471384048462
4,2.8197576999664307
5,2.7848405838012695
6,2.756432294845581
7,2.730222463607788
8,2.7017526626586914
9,2.6650686264038086
10,2.6082658767700195
11,2.515770673751831
12,2.539264440536499
13,2.4016010761260986
14,2.395170211791992
15,2.348381757736206
16,2.2639153003692627
17,2.1604840755462646
18,2.066399574279785
19,1.9834365844726562
20,1.9161852598190308
21,1.8482980728149414
22,1.774042010307312
23,1.7005892992019653
24,1.6349613666534424
25,1.5677673816680908
26,1.5008668899536133
27,1.4385013580322266
28,1.3704957962036133
29,1.3063498735427856
30,1.259146809577942
31,1.2086349725723267
32,1.1457602977752686
33,1.0958430767059326
34,1.0397218465805054
35,0.989771842956543
36,0.9410191178321838
37,0.9001958966255188
38,0.8474410772323608
39,0.8070008754730225
40,0.7651170492172241
41,0.7190929055213928
42,0.6766253113746643
43,0.6293138861656189
44,0.5898472666740417
45,0.5554510354995728
46,0.5390955209732056
47,0.5875089168548584
48,0.5877404808998108
49,0.48678693175315857
50,0.4881868064403534
51,0.44441258907318115
52,0.3931783139705658
53,0.4014229476451874
54,0.35347700119018555
55,0.3367425799369812
56,0.3117935359477997
57,0.28982076048851013
58,0.26853305101394653
59,0.24599716067314148
60,0.23664720356464386
61,0.21517720818519592
62,0.20187903940677643
63,0.18623745441436768
64,0.1742364913225174
65,0.1615069955587387
66,0.1491554081439972
67,0.13853567838668823
68,0.12865230441093445
69,0.11994572728872299
70,0.11117009073495865
71,0.10351260006427765
72,0.09608978778123856
73,0.08987608551979065
74,0.08345898985862732
75,0.07811815291643143
76,0.07262225449085236
77,0.06715948134660721
78,0.062482353299856186
79,0.05776583403348923
80,0.053505223244428635
81,0.049691181629896164
82,0.04552954435348511
83,0.041624803096055984
84,0.03843718767166138
85,0.04064102843403816
86,0.10502435266971588
87,0.03857102245092392
88,0.09515959769487381
89,0.0566193126142025
90,0.05056825652718544
91,0.05760665610432625
92,0.060129564255476
93,0.05334220081567764
94,0.05466453731060028
95,0.04794962331652641
96,0.057675138115882874
97,0.03781023621559143
98,0.05884844809770584
99,0.07133613526821136
100,0.04910455271601677
101,0.047428082674741745
102,0.04230290278792381
103,0.04460101202130318
104,0.03420441597700119
105,0.035373035818338394
106,0.030339010059833527
107,0.028487563133239746
108,0.028194846585392952
109,0.02645593322813511
110,0.024476705119013786
111,0.022997580468654633
112,0.021236686035990715
113,0.01957308128476143
114,0.018249697983264923
115,0.01708897575736046
116,0.016187133267521858
117,0.015493931248784065
118,0.014897067099809647
119,0.01426131185144186
120,0.013600624166429043
121,0.012994666583836079
122,0.012474335730075836
123,0.012014579027891159
124,0.011600001715123653
125,0.011228637769818306
126,0.010898794047534466
127,0.010604774579405785
128,0.010335754603147507
129,0.010078737512230873
130,0.00982439611107111
131,0.009572002105414867
132,0.009328281506896019
133,0.009101484902203083
134,0.008896139450371265
135,0.008711273781955242
136,0.008542162366211414
137,0.008383321575820446
138,0.008231033571064472
139,0.008084222674369812
140,0.007943603210151196
141,0.007810024078935385
142,0.007683333475142717
143,0.007562485057860613
144,0.00744636170566082
145,0.007334480062127113
146,0.00722702220082283
147,0.007124332711100578
148,0.007026415318250656
149,0.006932878866791725
150,0.006843050941824913
151,0.006756299175322056
152,0.006672137416899204
153,0.006590347737073898
154,0.006510904990136623
155,0.006433897186070681
156,0.006359373684972525
157,0.006287278141826391
158,0.006217451300472021
159,0.006149700377136469
160,0.00608381861820817
161,0.006019690074026585
162,0.00595716992393136
163,0.005896179471164942
164,0.005836617201566696
165,0.005778391379863024
166,0.0057214065454900265
167,0.005665644071996212
168,0.0056110285222530365
169,0.005557564087212086
170,0.005505227949470282
171,0.0054539903067052364
172,0.005403808783739805
173,0.0053546535782516
174,0.0053064594976603985
175,0.005259187426418066
176,0.005212794523686171
177,0.005167241208255291
178,0.005122467875480652
179,0.005078454036265612
180,0.005035177804529667
181,0.004992587026208639
182,0.004950699396431446
183,0.004909496288746595
184,0.004868961870670319
185,0.00482907285913825
186,0.004789814818650484
187,0.004751164931803942
188,0.004713096655905247
189,0.004675581585615873
190,0.004638615529984236
191,0.00460218358784914
192,0.004566274583339691
193,0.004530888982117176
194,0.0044959899969398975
195,0.004461576230823994
196,0.004427637439221144
197,0.004394149873405695
198,0.004361111205071211
199,0.004328496754169464
200,0.004296325147151947
201,0.004264576360583305
202,0.004233228042721748
203,0.004202297423034906
204,0.0041717542335391045
205,0.004141598008573055
206,0.0041118199005723
207,0.004082405474036932
208,0.004053364973515272
209,0.00402467418462038
210,0.003996326122432947
211,0.003968331031501293
212,0.003940668888390064
213,0.003913333173841238
214,0.0038863206282258034
215,0.0038596303202211857
216,0.003833242692053318
217,0.0038071589078754187
218,0.0037813817616552114
219,0.0037558916956186295
220,0.0037306922022253275
221,0.0037057814188301563
222,0.0036811507306993008
223,0.003656794549897313
224,0.00363270565867424
225,0.0036088842898607254
226,0.003585321130231023
227,0.0035620105918496847
228,0.0035389550030231476
229,0.00351614854298532
230,0.0034935851581394672
231,0.003471260191872716
232,0.0034491773694753647
233,0.003427318064495921
234,0.0034056981094181538
235,0.0033842979464679956
236,0.003363118041306734
237,0.0033421616535633802
238,0.003321415279060602
239,0.0033008777536451817
240,0.003280554199591279
241,0.0032604378648102283
242,0.003240519668906927
243,0.003220807760953903
244,0.0032012860756367445
245,0.0031819583382457495
246,0.003162821289151907
247,0.0031438751611858606
248,0.0031251139007508755
249,0.003106535878032446
250,0.0030881366692483425
251,0.003069915808737278
252,0.003051870036870241
253,0.003034002613276243
254,0.0030162911862134933
255,0.002998761832714081
256,0.0029813910368829966
257,0.002964186482131481
258,0.002947145840153098
259,0.002930257236585021
260,0.002913539996370673
261,0.002896964317187667
262,0.002880540443584323
263,0.0028642695397138596
264,0.0028481497429311275
265,0.0028321787249296904
266,0.0028163555543869734
267,0.0028006709180772305
268,0.0027851241175085306
269,0.00276972190476954
270,0.002754457062110305
271,0.002739328658208251
272,0.002724329475313425
273,0.0027094674296677113
274,0.0026947339065372944
275,0.002680133329704404
276,0.0026656531263142824
277,0.0026513023767620325
278,0.0026370761916041374
279,0.002622971311211586
280,0.002608992625027895
281,0.0025951259303838015
282,0.002581383101642132
283,0.002567758085206151
284,0.0025542457588016987
285,0.0025408491492271423
286,0.0025275631342083216
287,0.0025143923703581095
288,0.002501331502571702
289,0.002488374477252364
290,0.002475525951012969
291,0.002462786855176091
292,0.0024501499719917774
293,0.0024376208893954754
294,0.0024251907598227262
295,0.002412856323644519
296,0.0024006268940865993
297,0.0023885038681328297
298,0.0023764693178236485
299,0.0023645395413041115
300,0.002352701034396887
